{
    "loss": 0.35595056414604187,
    "accuracy": 0.8610709309577942
}