{
    "loss": 0.11525879800319672,
    "accuracy": 0.9580318331718445
}